close,pre_7_day_open,pre_1_day_open,7_day_total_avg_transaction_value,7_day_large_transaction_count,7_day_reddit_comments_per_day,7_day_volumeto,sentiment_numeric,time,open,post_1_day_close,post_7_day_close,prediction_post_1_day_close,prediction_post_7_day_close
5828.15,5632.58,6206.44,1203920.5190614716,8282.285714285714,2691.529999999978,697211352.2300012,1.0,1584835200,6195.43,6503.53,6252.49,6295.286249999985,6955.104049999997
32283.66,35839.51,33008.02,1897854.925146997,20662.571428571428,8381.771428571405,2212509918.471432,0.25,1611446400,32107.29,32275.27,34317.82,32096.894074999993,33917.90847499999
30847.55,33088.51,31546.64,1646919.9638236428,15145.0,4816.481428571401,923476342.8000076,-0.5,1626652800,31806.3,29795.55,37269.52,32111.309275000203,38577.76972500001
50392.55,49738.17,49635.07,1905866.267658924,24382.571428571428,11671.225714285683,2903277233.024291,0.3333333333333333,1614729600,48501.21,48363.74,54928.7,50127.28265000014,53063.22585000005
8201.36,10281.03,8446.97,1275789.100368729,17515.0,2743.534285714265,492131017.3271448,0.14285714285714285,1569542400,8074.99,8223.65,8246.3,8227.701924999978,8354.753774999996
55665.01,52405.02,61179.79,1508921.220612213,26838.714285714286,9787.608571428544,3294016004.781434,0.6666666666666666,1615766400,58998.89,56925.01,54095.36,56842.95982500003,50729.444024999946
7367.37,6403.31,6781.64,917581.9427471457,7721.7142857142835,2146.1614285714068,421264546.0042869,0.6666666666666666,1586304000,7201.57,7294.55,6879.44,7054.870925000021,7134.492775000012
7442.33,8093.6,7138.23,1096600.4391253928,11192.857142857143,1989.7699999999786,383162520.52714455,-0.5,1574899200,7531.5,7769.38,7558.58,7503.713024999996,7619.157125000009
7132.39,7539.7,7261.72,926065.4556952056,10030.57142857143,2387.791428571407,162690463.17571595,0.0,1576368000,7080.29,6635.84,7326.6,7280.428750000005,7438.821250000005
3617.24,3375.33,3588.72,2195913.3276218395,7241.428571428572,2273.8385714285505,128933660.84428808,-1.0,1550275200,3593.49,3670.92,3983.53,3721.9527749999993,3956.199175000014
9579.71,9509.45,8844.5,876783.2208343417,8594.714285714286,2890.8057142856946,383869930.3057154,0.0,1590624000,9204.62,9424.62,9666.06,9368.721449999997,9506.53017499999
10467.33,11330.56,11926.69,2365546.9418294863,13612.714285714286,1667.2971428571216,471317496.34714377,-0.4,1599177600,10174.62,10167.97,10345.68,10867.845800000026,10930.78860000001
46856.31,48794.26,51784.16,3383060.9068623483,21695.571428571428,6837.8085714285435,1767335783.1071508,0.8,1630972800,52693.32,46073.45,44958.56,47561.52290000001,48137.66945000002
9858.03,9334.25,9898.25,1054011.9722790564,12864.285714285714,2320.3657142856923,334922169.4200014,-0.3333333333333333,1581292800,10157.78,10269.43,9925.51,9729.669174999963,9806.394650000042
36623.04,35496.03,36025.26,1796762.6863394831,22264.42857142857,8168.494285714261,2676882883.7957177,0.3333333333333333,1610928000,35839.51,35932.79,32283.66,36808.09072499997,34827.963524999825
3453.42,3729.78,3582.89,1284360.3824738686,7015.428571428572,2233.2885714285508,137578902.71000242,0.0,1548633600,3565.08,3418.25,3431.24,3663.8353749999965,3568.529450000002
9755.84,9286.18,9171.98,1089666.945914835,13141.857142857143,2291.2042857142637,296081793.01857275,0.5,1580947200,9611.42,9808.36,10233.32,9567.61992499997,9654.670500000026
10786.7,10379.08,10332.36,2949796.395534016,11429.571428571433,1471.0785714285498,325376644.8857151,0.5,1600128000,10678.31,10957.1,10534.73,10670.32972500002,10809.888700000001
8193.14,5998.71,7371.96,1432866.4788277724,14538.571428571433,3887.8142857142657,803284899.4142879,0.2,1558224000,7266.08,7998.29,8726.23,7743.272349999997,8443.906674999984
36861.5,35680.92,37576.98,1306335.5218921285,17595.571428571428,6383.289999999969,1688612387.9657207,0.25,1622764800,39229.66,35538.4,36680.78,36171.99159999994,36112.1408749999
9999.93,8784.96,9029.75,957070.7673343631,10328.714285714286,3616.2628571428363,659173350.5371442,0.0,1588809600,9153.2,9808.18,9317.44,9857.574949999967,9542.156049999969
38837.76,43552.14,37491.5,2449850.531685459,23228.42857142857,12190.06714285711,5095490925.93715,0.16666666666666666,1621814400,34716.84,38387.36,35662.59,39081.63344999997,37138.744725000055
48775.37,46324.5,50392.55,1750982.7358734354,23716.0,10954.384285714257,2629511595.822862,1.0,1614902400,48363.74,48892.8,57809.41,50927.961149999865,54463.98815000005
4056.75,3888.57,3988.85,1270278.150277078,6936.2857142857165,1947.1014285714093,124388743.0885738,-0.5,1553040000,4024.14,3996.93,4118.13,4035.547274999996,4322.375875000005
3937.04,3588.72,3924.24,1282829.1774126408,6531.571428571428,1960.0471428571216,202361136.06857377,0.0,1550707200,3974.05,3983.53,3823.37,4006.2182000000153,4022.712074999982
39017.37,35798.57,37339.98,1582775.3737791143,17136.14285714286,9430.694285714257,2157394124.845721,-0.25,1623542400,35541.78,40526.63,35515.38,37718.82209999985,36923.2607749999
9286.18,8667.26,8898.94,868231.5098807769,10660.285714285714,2449.527142857121,287429984.42857283,1.0,1580256000,9391.97,9501.38,9611.42,9210.96502500001,9214.268899999992
4976.59,4007.21,4151.32,1584276.3222124982,8017.7142857142835,2199.4285714285515,315581808.244288,0.5,1554249600,4906.93,5057.25,5081.5,4973.450650000023,5011.86492500003
7972.62,8593.16,8014.39,793533.0285414591,12024.0,1808.0642857142639,183443742.760002,1.0,1571356800,8082.46,7973.63,9258.98,8210.321900000004,8578.303200000031
3996.93,3878.44,4024.14,1277679.0727737579,6823.0,1852.2542857142664,130695194.53143094,0.0,1553126400,4056.75,4000.84,4112.69,4090.1797749999864,4539.686625000007
3447.66,3453.42,3449.62,2045506.8543612862,7946.7142857142835,1953.8785714285516,108533066.2300024,-0.25,1549324800,3431.24,3394.89,3605.87,3635.931775000015,3839.2405999999964
19441.96,18323.52,19169.05,1809902.5535638283,14622.285714285714,4132.212857142833,700628352.0057154,0.4,1607990400,19274.69,21352.13,22727.13,19099.627350000002,20261.57060000002
5212.81,5201.3,5165.59,1486563.0334669368,8918.857142857143,2569.241428571409,223915097.05285943,0.0,1555372800,5037.27,5236.26,5229.48,5267.365800000013,5276.476824999996
9523.75,8844.5,9450.47,1021982.6611740544,8985.57142857143,2779.9171428571226,426774046.0314297,0.0,1591056000,10211.23,9666.06,9782.58,9456.967549999988,9571.6474
9432.86,7973.63,9258.98,1259849.772231241,13969.0,2853.831428571408,614381701.5085733,0.5,1572307200,9222.23,9157.52,9323.61,9302.033049999995,9394.455025000001
5413.06,7894.66,5357.02,1561245.7690587773,9349.42857142857,3855.5699999999774,952513712.0471439,0.0,1584489600,5337.66,6206.44,6694.21,6425.708299999998,6530.639775000002
10491.96,9587.25,10556.16,1013190.1770545423,16719.14285714286,2167.3528571428355,370660742.7814304,0.5,1567814400,10309.91,10420.88,10365.56,10455.356174999999,10380.923275000008
3994.11,4027.01,4000.84,1312000.8660291971,6781.142857142857,1969.1914285714088,112015865.32571666,0.0,1553385600,4007.21,3942.22,4976.59,4059.753974999998,4869.651974999998
9187.07,9691.61,9007.14,1050372.4069189986,9808.57142857143,2345.824285714265,326132323.6971439,0.0,1593388800,9120.39,9136.47,9081.44,9151.719050000007,9261.736824999973
10379.08,11480.48,10167.97,2580746.136150431,13027.714285714286,1941.781428571408,564297910.2214296,0.25,1599436800,10260.37,10128.54,10678.31,10447.770125000043,10534.124975000006
9208.52,9157.52,9323.61,1117254.8218525774,15044.714285714286,2699.084285714265,210164410.62000167,-1.0,1573084800,9347.27,8772.31,8773.82,9238.470675000008,9079.715175000005
9241.32,9380.67,9624.3,1041980.7853788534,9094.142857142857,2288.117142857122,312598624.1600011,-0.5,1593043200,9292.94,9158.07,9238.89,9358.968149999986,9253.452349999989
62964.27,55951.98,59845.76,1631747.0864887885,27097.857142857134,6928.5114285714,2217112790.481436,0.5,1618358400,63558.48,63233.03,56496.06,59427.887650000004,53162.35319999997
9301.83,9464.23,9459.13,942410.1618368154,8581.857142857143,2211.3371428571218,312812884.33428675,0.5,1592524800,9380.67,9359.18,9241.32,9353.458350000004,9182.411500000002
9336.01,7643.44,8853.56,1580740.0080559829,17045.0,2797.8857142856946,446910739.45143086,0.0,1560729600,8979.18,9081.71,11035.74,9239.338550000013,9706.570200000011
56747.52,57195.07,58294.18,1523276.1107768137,26597.714285714286,4870.525714285682,2834000406.512864,0.0,1620691200,55870.01,49504.08,43552.14,57685.89805,53863.20800000006
4118.13,4024.14,3924.55,1185152.9426929748,6826.857142857143,1751.4285714285515,117028228.36000238,0.0,1553904000,4111.38,4112.69,5201.16,4109.521499999998,4835.023500000015
13069.43,11756.88,13126.13,3018040.730202832,12376.142857142857,3642.507142857121,590201396.6900009,0.6666666666666666,1603670400,13041.21,13646.02,13571.24,12938.413874999995,13082.70815000003
7762.69,7316.23,7339.7,743588.4053862005,9093.142857142857,2301.042857142836,211999490.94714445,0.0,1578268800,7359.96,8160.36,8106.56,7807.481499999997,8050.83707500003
9204.62,9780.2,8901.48,897035.7022904663,8643.857142857143,3249.0842857142657,422099264.2828583,0.3333333333333333,1590537600,8844.5,9579.71,9523.75,9133.901450000007,9583.624799999969
10678.31,10260.37,10398.5,2927380.970429941,11139.142857142857,1602.7385714285501,351620213.4471437,0.5,1600041600,10332.36,10786.7,10418.14,10652.359125000028,10869.470825000004
11058.78,10576.64,10672.67,2165938.665239796,11718.428571428567,1983.9771428571216,257021629.8485724,0.6666666666666666,1602201600,10929.4,11301.57,11508.31,11067.622799999956,11267.834074999926
32737.47,34237.66,34249.3,2129773.0784442555,15792.428571428567,5263.652857142829,891576334.578579,0.0,1626134400,33088.51,32820.5,30847.55,33513.48942500013,32050.59580000008
7632.59,8773.82,8190.16,1044489.486431717,11264.0,2170.6714285714074,202759219.61285883,0.0,1574294400,8093.6,7292.2,7442.33,8020.462799999991,7206.134875000004
7264.29,6887.6,7114.55,828104.2452818687,7452.857142857143,2556.834285714265,376614906.86714417,1.0,1587168000,7037.12,6842.45,7787.41,7213.399100000006,7982.027349999989
32874.01,33543.11,34237.66,1709571.3079549018,16314.571428571433,5157.707142857115,968989572.9028645,-0.5,1625702400,33880.79,33804.2,32820.5,33181.27260000012,33747.78900000007
9671.46,9905.43,9608.8,1019310.813931884,12947.571428571433,2957.209999999978,321788088.85000134,0.0,1582329600,9697.86,9977.39,8719.29,9682.514724999997,9015.915725000012
9288.57,9066.46,9439.2,923297.0523504488,9741.857142857143,1732.7014285714083,248916327.7714296,0.0,1594339200,9238.95,9237.13,9133.23,9315.415150000026,9224.891725000007
10269.43,9288.96,10157.78,1071626.0334820738,13247.285714285714,2598.527142857121,370724561.71285856,0.4,1581379200,9858.03,10347.93,9702.48,10071.554525000003,9710.801275000029
11774.52,11603.82,11570.19,985068.8237891587,13396.428571428567,2383.658571428551,464513043.39714384,0.0,1597363200,11790.68,11860.91,11863.43,11618.474950000003,11517.92034999999
36680.78,39229.66,33409.38,1571366.0065526196,17195.85714285714,10627.9114285714,2085228266.0542922,-0.75,1623283200,37391.58,37339.98,38345.41,36667.6379749998,37345.06477499997
58998.89,50964.18,57256.22,1602557.1816627537,26302.857142857134,9972.078571428543,3029508270.614291,1.0,1615680000,61179.79,55665.01,57374.95,57346.00380000014,52801.28067499992
11112.04,9392.83,11042.94,1030740.1019720249,12857.428571428567,3478.712857142835,625765659.3085726,1.0,1595980800,10933.26,11113.66,11752.05,11568.408224999985,11446.732299999981
52405.02,49635.07,48892.8,1812395.779507276,23449.142857142866,9208.639999999972,2281561656.5828624,1.0,1615161600,50964.18,54928.7,58998.89,53639.44954999992,57576.9224249999
8106.56,7359.96,8024.58,798548.2422919163,12199.285714285714,2594.7999999999797,376155010.488573,0.0,1578873600,8181.49,8820.95,8724.84,8139.423275000007,8453.065449999982
5389.54,5326.18,5237.96,1277103.4002375512,9102.285714285714,3135.0942857142663,210808476.5414309,0.5,1556668800,5350.64,5500.72,5819.57,5405.7904000000135,5747.767274999978
57074.97,55863.73,58730.82,1355417.8624395116,25910.0,6137.492857142827,1996017896.2100067,0.2,1617408000,58987.8,58219.43,58106.85,57657.106775000124,58479.782700000265
7114.55,7294.55,6879.44,847914.4251745377,7297.142857142857,2334.329999999979,380744712.7542868,0.0,1586995200,6629.54,7037.12,7509.44,7166.905975000004,7350.068125000007
10228.85,11926.69,10379.08,2713902.6280867,11885.0,2166.9785714285504,527798433.33571535,-0.5,1599609600,10128.54,10345.68,10957.1,10640.593225000011,10695.344925000009
9081.71,8021.0,8979.18,1680657.8585559712,17034.285714285714,3000.185714285695,474108531.8014309,0.0,1560816000,9336.01,9280.54,11740.34,9495.185325000026,10118.20622499999
13285.97,12813.11,13069.43,2611454.505678873,12235.857142857143,2992.399999999977,471068192.80000097,-1.0,1603843200,13646.02,13462.18,14157.73,13114.778425000028,13457.92097500001
10672.67,10779.42,10795.11,2152314.0021712664,11943.428571428567,1891.382857142836,256272300.7200009,-1.0,1602028800,10603.9,10929.4,11427.29,10810.125499999971,11275.200324999932
11527.35,11774.52,11760.37,1928031.9660129903,13537.285714285714,2478.6628571428364,537439375.0985726,1.0,1597968000,11863.43,11670.42,11331.02,11598.631475000013,11481.492824999998
7170.11,8190.16,6930.09,1187774.7131741121,12006.142857142857,2292.939999999978,353193589.43571603,0.0,1574726400,7138.23,7442.33,7313.64,7286.489024999989,7541.909699999971
11194.18,11042.94,11063.5,996500.0965419572,13474.571428571433,2704.895714285692,590158636.3500012,-1.0,1596499200,11234.73,11752.05,11897.41,11514.320324999993,11373.742099999976
8702.59,8190.31,8813.21,954506.9180270231,11786.142857142857,2391.472857142836,387984226.95857286,-1.0,1579392000,8909.28,8634.03,8345.88,8673.889349999976,8370.563900000012
10211.23,8901.48,9699.78,934338.9152040988,8507.57142857143,2647.2342857142653,361051159.170001,0.0,1590969600,9450.47,9523.75,9750.7,10017.182224999973,9734.579850000002
32299.47,31867.46,29795.55,1737692.1635719645,14958.571428571433,4590.275714285684,1040854936.9157217,0.0,1626912000,32139.48,34282.56,42231.83,32998.27972500004,39045.71259999996
16721.46,15335.03,16075.95,2126239.205171424,13651.571428571433,3907.938571428549,609256405.2942866,0.0,1605484800,15964.7,17681.54,18385.74,16583.213074999985,18525.39264999987
8793.5,9602.43,9664.21,812131.6342581253,13120.714285714286,2249.7014285714067,320227900.6971442,0.5,1582675200,9316.18,8821.5,8765.68,9060.045399999992,8549.95257499997
55055.43,58060.21,52303.02,1455477.4524294708,25188.142857142866,9577.967142857115,2636585816.384292,0.0,1616716800,51336.09,55863.73,58730.82,56488.37912500005,58578.03487500029
14023.78,13069.43,13761.72,2436371.2503689923,12881.857142857143,2455.705714285692,483845908.6928581,0.0,1604361600,13571.24,14157.73,15335.03,13959.27417500003,15418.63565000001
6694.21,5337.66,6503.53,1073182.603813077,8278.42857142857,2477.9914285714067,660473839.9114296,0.0,1585094400,6767.18,6757.95,6423.61,6711.343800000003,6695.2637749999985
10534.73,10678.31,10921.85,3205754.193578836,11793.428571428567,1345.3114285714066,303045228.9757152,-1.0,1600732800,10418.14,10238.09,10699.0,10700.116825000023,10806.168175000023
30423.05,35501.38,32275.27,1910844.91200628,20392.571428571428,8258.311428571404,2411006959.2700033,0.0,1611705600,32516.52,33443.87,35524.43,32262.09795000003,34225.567649999975
9160.39,8719.29,8773.78,806307.3704358375,12651.142857142857,1758.2842857142646,228552997.26142985,-0.6666666666666666,1583452800,9074.82,8903.72,4916.78,8855.761849999986,8572.668875000012
10182.6,10269.43,9925.51,1057123.192462817,14820.571428571433,2899.8128571428365,367206435.40428704,0.0,1581984000,9702.48,9602.43,9664.21,10089.549375000006,9517.898975000015
55933.47,47435.54,52154.91,2135345.677845458,26345.571428571428,12441.279999999973,2667809637.725719,0.0,1613692800,51591.61,55900.84,47082.87,56610.6734999998,49646.51682500009
48996.44,44714.54,49521.06,3522247.0041274955,19675.14285714286,5637.197142857113,1332000832.4271502,0.0,1629849600,47690.54,49088.1,50019.51,48896.63804999998,47946.77240000006
34038.29,27360.78,33063.48,1971575.482489213,22983.142857142866,10262.329999999976,2746976263.535716,0.0,1609804800,32030.55,36849.86,35496.03,35362.69947499991,37883.8627
46761.49,44425.52,44684.43,2178371.8090756717,19004.85714285714,5627.4342857142565,1353496415.685722,0.0,1629331200,44714.54,49336.45,48996.44,46643.582074999984,48054.38884999993
9120.39,9292.81,9158.07,1043093.7214610092,9719.285714285714,2437.855714285693,341818383.0428581,-1.0,1593302400,9007.14,9187.07,9142.2,9238.450225000002,9438.310924999985
18385.74,15964.7,18672.78,2408792.5349385114,15923.428571428567,4721.494285714264,959753389.4042864,0.25,1606089600,18430.59,18725.76,19686.87,17977.925175000044,18340.311275000095
19169.05,19378.94,18034.86,1658024.5743449358,14673.714285714286,4458.1128571428335,710228011.1285727,0.0,1607817600,18814.98,19274.69,23844.72,18537.56142499991,20021.72324999996
58294.18,57843.16,56441.94,1783658.1533153437,26216.142857142866,5414.647142857111,2757642339.7971487,1.0,1620518400,58943.13,55870.01,46775.29,58103.633400000006,53771.4046000002
10089.25,10325.87,9531.77,1479814.0188072138,14856.285714285714,3420.722857142837,355547313.58428764,0.0,1564531200,9595.52,10409.79,11549.06,10205.651100000034,10408.453525
11549.06,9595.52,11982.8,1386378.2812260091,18317.571428571428,3619.6599999999794,638673299.2914305,0.0,1565481600,11293.59,10872.0,10326.25,11483.672875,10459.410949999985
8276.25,7876.5,8718.85,1172027.720599835,16366.285714285714,3177.3985714285523,448545603.23000234,0.5,1559174400,8664.56,8550.67,7807.36,8328.669425000013,8094.030649999987
8345.88,8909.28,8394.28,746264.165502939,10003.0,2468.7828571428367,233309079.5985728,0.0,1579910400,8431.78,8602.37,9342.23,8533.904249999974,9013.551275000038
9780.2,8821.18,9670.56,952995.5597387672,9738.857142857143,3232.874285714265,629410257.0514299,0.25,1589846400,9722.73,9509.45,8844.5,9549.186325000022,9328.719100000006
4027.01,3868.02,3881.44,1151818.98163223,6406.571428571428,2256.138571428552,122795255.01428808,0.5,1552694400,3927.08,3998.0,4007.21,3966.2829499999907,4054.4857500000107
13041.21,11513.33,12937.2,3100439.834490388,12465.714285714286,3782.197142857121,589547100.0400009,0.0,1603584000,13126.13,13069.43,13761.72,12915.797999999982,13191.591350000039
58987.8,55055.43,58793.8,1339868.4873648502,25689.0,5822.949999999971,2002353990.8114352,0.25,1617321600,58730.82,57074.97,58084.46,58912.811700000224,57386.28907500023
8719.29,9697.86,8793.5,831000.1561669385,12608.0,2420.802857142836,338507503.6414299,0.0,1582848000,8821.5,8545.45,9074.82,8706.490524999983,8852.299275000016
4024.14,3874.89,4027.01,1245738.948969562,6692.428571428572,2163.834285714266,118645340.4985738,0.0,1552953600,3988.85,4056.75,3942.22,4003.4695249999972,4276.612025000001
57626.1,54095.36,55863.73,1485350.6133668874,25205.571428571428,8614.185714285686,2536429094.0314355,0.0,1616976000,55781.01,58781.54,58219.43,57665.612200000134,57870.38654999994
10218.87,8174.14,9081.71,2105223.22311924,18595.571428571428,3136.6057142856944,523288426.134288,-0.5,1561075200,9536.85,10689.54,12355.06,10317.158575000049,10522.855950000023
37269.52,31806.3,34282.56,1788815.0393781585,16321.285714285714,5972.85285714283,1384296932.2785785,0.0,1627257600,35369.93,39496.69,39158.53,36033.30480000005,34818.385274999884
5201.16,4111.38,5047.23,1493060.4982168025,8742.0,2630.9785714285517,420961990.99000233,0.0,1554595200,5057.25,5294.09,5165.59,5236.399625000027,5233.6588500000125
8446.97,10271.79,9694.6,1215756.2534407196,17899.571428571428,2486.549999999979,438881592.4057161,0.0,1569369600,8542.54,8074.99,8326.64,9076.177049999998,9092.512525
8316.66,8168.05,8596.57,716056.7103681498,13748.571428571433,1853.029999999977,257453080.15428764,0.0,1570838400,8278.05,8296.34,8247.25,8262.049375000006,8066.163999999958
23467.06,19169.05,23135.57,2124736.08510414,18213.14285714286,7459.017142857119,1437989003.6928582,-0.3333333333333333,1608422400,23844.72,22727.13,26445.7,23805.17965000002,26857.255375000033
8024.58,6965.72,8045.15,865923.4332817079,12309.0,2715.401428571408,405411997.9157158,0.0,1578700800,8190.31,8181.49,8702.59,8063.797100000009,8541.352024999966
7294.55,6423.61,7201.57,930655.3242797323,7553.0,2101.321428571407,376402809.19857264,0.6666666666666666,1586390400,7367.37,6876.49,6629.54,7184.670600000021,7200.651050000012
8568.88,8881.65,9541.13,1128070.4757524491,11422.714285714286,5023.017142857122,925310615.4014297,0.0,1589155200,8735.05,8821.18,9670.56,9376.885249999976,9354.313399999995
7509.44,6629.54,7135.41,837888.2466637945,7780.428571428572,2282.9385714285504,360616437.7057155,0.0,1587686400,7489.25,7546.92,8829.12,7475.692475000002,8190.107125
39870.76,34282.56,42231.83,3360569.03278969,18252.0,6810.45285714283,2014279361.058579,0.5,1627776000,41474.72,39158.53,43827.75,41950.94170000006,43523.89967499985
49088.1,46761.49,47690.54,4056519.6228254577,19798.571428571428,5154.339999999972,1288643373.2042928,0.0,1630022400,46852.22,48918.9,49935.29,49053.18449999994,49491.041400000046
7183.88,7159.47,7316.23,732301.2195122406,7865.428571428572,2028.644285714264,144510563.93285877,0.3333333333333333,1577750400,7234.44,7189.94,8160.36,7425.566925000028,7762.996975000033
31806.3,34249.3,31401.76,1629485.54733723,15332.571428571433,4869.3314285714005,903471932.1500076,0.3333333333333333,1626566400,31546.64,30847.55,35369.93,32458.80590000014,37144.38082500002
3817.88,3924.24,3771.62,1289256.9631200505,6439.857142857143,2267.121428571408,204164780.0814309,0.16666666666666666,1551139200,3845.51,3823.37,3874.98,3834.767949999998,3896.383150000003
58101.34,57256.22,57643.32,1316231.502853963,25744.571428571428,8239.362857142829,2943132745.24572,-0.5,1616198400,58060.21,57374.95,55055.43,57925.56775000007,55952.52762500011
46191.39,55900.84,47082.87,2018690.670549631,26884.571428571428,14756.479999999972,4336348559.267148,0.6666666666666666,1614384000,46324.5,45261.03,48775.37,47202.27772500016,48228.01532500015
31867.46,32874.01,32737.47,1955011.2307283413,15710.857142857143,5461.732857142829,838857510.2014363,-0.3333333333333333,1626307200,32820.5,31401.76,32139.48,32243.745050000132,33649.87757500003
10347.93,9171.98,9858.03,1107569.8764934423,13999.428571428567,2552.1157142856932,370885930.14571565,0.3333333333333333,1581465600,10269.43,10233.32,10182.6,10197.715499999986,10077.359900000009
9624.3,9526.7,9292.81,929533.9746628158,8478.714285714286,2429.957142857122,264666571.85285816,0.6,1592870400,9691.61,9292.94,9187.07,9591.74572499997,9438.223600000012
8542.54,10313.02,10036.98,1104076.5948787022,16943.428571428572,2369.965714285693,380281358.83714473,-1.0,1569283200,9694.6,8446.97,8314.62,9316.843224999982,8994.325449999998
8133.57,8815.14,8515.28,1063115.456964229,11209.571428571433,2159.9099999999785,174483127.0142874,0.0,1574121600,8190.16,7632.59,7170.11,8093.084974999972,7121.957074999996
52693.32,48918.9,49935.29,3388924.090092992,21239.14285714286,6017.179999999972,1390525202.2671506,0.25,1630886400,51784.16,46856.31,46049.72,51900.81460000012,46535.376374999854
8391.52,8446.97,8314.62,920601.1903046628,13906.285714285714,2795.2028571428364,354551538.9871448,-1.0,1569974400,8326.64,8246.3,8593.16,8281.136574999997,8020.678049999983
10625.1,10150.07,9768.36,890793.2045754336,16155.571428571433,2265.8999999999787,349707066.3171447,0.5,1567468800,10387.5,10585.2,10109.46,10472.665250000022,10316.255699999963
3660.03,3461.63,3394.89,2331155.152244341,7946.0,2293.998571428551,129268792.44428812,1.0,1549584000,3375.33,3685.14,3617.24,3642.491075000006,3832.8223500000017
3394.89,3418.25,3431.24,2249119.1147351675,7997.142857142857,2057.0914285714084,109102509.33714524,1.0,1549411200,3447.66,3375.33,3588.72,3617.254525000014,3691.6373499999927
7326.6,7080.29,7159.47,1048074.1602747412,10297.57142857143,2445.304285714265,263507367.38714448,0.5,1577059200,7517.58,7260.91,7189.94,7377.3496750000095,7486.070149999992
6887.6,6743.68,7294.55,911196.9164164688,7422.0,2164.092857142836,376660222.3385726,0.0,1586563200,6876.49,6913.76,7037.12,7041.080650000001,7169.065375000026
11686.34,11063.5,11603.82,977125.7313243404,12423.571428571433,2593.571428571407,452040120.6442868,-0.3333333333333333,1596931200,11770.77,11897.41,11860.91,11443.969199999978,11587.581774999991
9694.6,10365.56,10176.38,1081351.6144893095,16583.571428571428,2246.545714285693,257009970.01571617,-0.3333333333333333,1569196800,10036.98,8542.54,8065.26,9950.09427499998,9827.297375000006
7266.08,5819.57,7874.11,1441340.1679389253,14177.428571428567,3771.7214285714094,846169499.4514309,-0.3333333333333333,1558137600,7371.96,8193.14,8059.13,7319.732524999999,7835.719499999989
5057.25,3924.55,4906.93,1505041.3920152609,8569.57142857143,2494.45999999998,394304496.94857377,1.0,1554508800,5047.23,5201.16,5080.66,5161.650525000028,5122.1192500000125
11389.01,11194.18,11686.34,968917.2173362916,13137.857142857143,2531.5042857142644,527002116.080001,0.6666666666666666,1597104000,11897.41,11570.19,12301.19,11646.298849999997,11701.962924999989
5081.5,4906.93,5318.6,1434593.679870515,9205.57142857143,2634.834285714266,295206818.43143094,0.3333333333333333,1555027200,5048.56,5080.66,5289.75,5223.108475000016,5396.896475000007
32203.64,26445.7,28972.4,1971171.565007526,21015.285714285714,8311.064285714261,2071626633.7842872,0.25,1609545600,29388.94,33063.48,40636.24,32252.525225000074,38647.80830000008
15488.25,13761.72,15590.62,2449708.1163944188,13993.857142857143,4175.367142857119,430470749.26857233,0.0,1604793600,14838.16,15335.03,16075.95,15423.534175000077,16154.798425000023
9347.05,9187.07,9142.2,946005.1554746086,9073.285714285714,1790.8542857142654,239695918.70285812,-0.5,1593993600,9081.44,9257.32,9300.95,9270.325850000021,9283.840499999977
10109.46,10387.5,10491.96,1008651.600759304,16438.14285714286,2079.1628571428364,324302128.3642877,1.0,1568073600,10314.88,10165.01,10271.79,10287.954450000008,9935.905599999995
7189.94,7517.58,7234.44,710705.0777731035,7522.142857142857,1913.192857142836,141292411.32857305,0.0,1577836800,7183.88,6965.72,8045.15,7288.998275000029,7736.63775000004
5357.02,8057.67,5632.58,1524987.4750335906,11421.714285714286,3673.804285714264,851231899.2328584,0.5,1584230400,5181.77,5045.0,6503.53,6176.917599999995,7025.274375000004
4050.4,3896.21,3855.39,840942.9593331286,4978.857142857143,2904.2785714285515,187639216.72571665,-0.2,1546819200,4102.85,4040.75,3551.24,4035.916700000001,3735.0784749999816
3874.18,3771.62,3812.31,1597258.4388586408,6508.7142857142835,2656.108571428552,128251148.6285738,0.0,1551744000,3731.28,3874.98,3878.44,3917.309325000008,3940.033599999995
30840.3,39155.58,35932.79,1856108.0341451853,21339.428571428565,8674.388571428548,2398862380.425718,0.0,1611187200,35501.38,33008.02,30423.05,33515.94544999989,34293.15772499987
9268.13,9794.55,9779.7,867621.8965332822,8717.285714285714,2668.408571428551,417174063.86285824,1.0,1591833600,9891.84,9464.23,9459.13,9416.36855,9415.777774999993
8719.63,8045.15,8820.95,918812.338108822,12694.285714285714,2277.707142857122,359728843.9057158,0.5,1579132800,8813.21,8702.59,8431.78,8671.527924999946,8475.132824999984
38345.41,37391.58,40526.63,1366919.0940947914,17158.0,6191.314285714257,1954234920.347149,0.2,1623801600,40161.86,38082.3,32537.58,37105.27929999984,37349.97664999996
5500.72,5162.67,5350.64,1176131.9431871702,8866.285714285714,2204.3871428571233,184731044.404288,-0.5,1556755200,5389.54,5753.38,5998.71,5578.252050000011,5820.280474999987
32537.58,40161.86,35602.26,1539455.0595370943,16639.428571428572,6781.285714285687,2424044093.0071487,-0.6666666666666666,1624320000,31652.62,33678.64,34487.11,33765.710949999906,34659.011724999946
41474.72,33637.92,40030.52,3099944.4587658667,17901.714285714286,7102.3599999999715,1927996863.5728648,1.0,1627689600,42231.83,39870.76,44617.96,41832.796250000196,44167.20407499981
32820.5,33880.79,33088.51,2155285.378158504,15755.0,5216.5471428571145,910290055.7328646,0.3333333333333333,1626220800,32737.47,31867.46,29795.55,33296.867225000155,31847.058700000063
37491.5,46775.29,40597.4,2389112.1956478083,23801.714285714286,13062.655714285678,5254668266.19715,-0.6666666666666666,1621641600,37350.39,34716.84,35680.92,38295.1126,37289.12799999993
3467.21,3571.92,3453.42,1493474.0723939256,7544.2857142857165,2202.781428571408,134337428.95285958,0.0,1548806400,3418.25,3461.63,3394.89,3595.7252749999952,3572.082974999994
5165.59,5057.25,5081.5,1503603.4841322582,9152.142857142857,2690.541428571409,253483232.9214309,0.0,1555200000,5080.66,5037.27,5305.74,5236.584375000012,5280.423600000018
3664.38,3855.39,3668.15,956875.6854728268,5511.571428571428,3400.425714285695,240745387.69428807,0.4,1547251200,3669.2,3551.24,3729.78,3689.193074999991,3628.119175000004
8065.26,10036.98,8201.36,1110368.0331612208,15949.285714285714,2873.577142857121,508336467.80000186,0.0,1569715200,8223.65,8314.62,8172.48,8207.383649999992,8106.263925000014
6767.18,5357.02,5828.15,1109404.1231628505,8143.857142857143,2437.3999999999787,661929924.1328582,-0.5,1585008000,6503.53,6694.21,6403.31,6522.533274999993,6842.176474999995
53803.25,62964.27,55680.11,1636396.5877122588,25669.285714285717,7170.199999999971,3169187330.860006,-1.0,1618963200,56496.06,51717.61,55073.48,54273.873349999885,54166.13912500006
34487.11,31652.62,32307.35,1815705.409971629,16280.571428571433,7756.641428571403,2241409154.0314355,-0.5,1624838400,34713.81,35901.41,35287.97,34015.212275,35579.89227499993
8718.85,7947.93,8726.23,1135326.5834759038,15661.0,3343.93999999998,393602555.8200023,0.0,1559001600,8785.17,8664.56,8114.49,8627.846475000011,8526.825425000012
34249.3,35287.97,33804.2,2069997.5046504769,15796.714285714286,5118.981428571401,937182952.0071504,0.0,1625961600,33515.13,33088.51,31546.64,33852.680750000116,32743.968625000085
8045.15,7183.88,7762.69,817540.6911954548,10600.857142857143,2973.7599999999793,365240581.1714301,0.0,1578441600,8160.36,7817.35,8813.21,8203.696199999991,8503.46532499999
3431.24,3565.08,3508.68,1874089.2296517328,7719.571428571428,2085.114285714265,119113631.91857384,0.3333333333333333,1549238400,3449.62,3447.66,3611.34,3542.7876500000025,3750.8552249999984
9450.47,8718.49,9424.62,912362.0827153488,8460.857142857143,2707.507142857124,354047056.3585724,0.0,1590883200,9699.78,10211.23,9671.46,9425.378449999993,9544.69292499998
9464.23,9622.02,9891.84,834608.6474572634,8853.42857142857,2734.8928571428364,414013068.2285725,0.0,1591920000,9268.13,9474.65,9380.67,9415.122750000004,9464.425375000015
8735.05,8907.19,9808.18,1092197.1465171606,11074.0,3873.645714285694,826574846.3657154,1.0,1589068800,9541.13,8568.88,9387.08,9027.917799999985,9191.795049999992
7399.49,7159.26,7202.72,727549.706159496,8119.142857142857,1990.4514285714072,177492409.64571592,0.0,1577577600,7316.23,7183.88,7762.69,7555.204825000004,7997.013200000046
9238.95,9092.8,9257.32,923597.0373956192,9438.857142857143,1675.5485714285517,245165959.5085725,0.0,1594252800,9439.2,9288.57,9193.22,9247.052425000027,9222.76357500002
5048.56,4151.32,5201.3,1374460.696552771,9152.0,2595.397142857123,303786061.81857383,-1.0,1554940800,5318.6,5081.5,5236.26,5220.092000000022,5242.701925000024
8898.94,8634.03,8345.88,814156.417386507,10205.142857142857,2408.124285714265,220262114.75143,0.0,1580083200,8602.37,9391.97,9288.96,8827.996774999976,9021.721825000028
8784.96,6842.45,7787.41,1005453.5070304296,8914.142857142857,2637.561428571408,494889147.24000096,0.5,1588118400,7760.32,8637.56,9153.2,8436.817875000019,9208.005450000011
10552.04,10734.23,10622.79,2314474.227245599,12082.0,2065.0171428571216,291409475.9642867,0.5,1601683200,10576.64,10675.52,11058.78,10661.88809999999,11071.02624999996
10128.54,11657.81,10260.37,2587847.436264979,12435.571428571433,2065.9199999999787,566568550.730001,0.0,1599523200,10379.08,10228.85,10786.7,10487.843575000023,10637.62432500001
40597.4,49700.6,42886.02,2339832.272341,24508.142857142866,11065.822857142819,4878285311.921435,-0.25,1621468800,36771.87,37350.39,39295.08,39809.78077500007,39396.579724999865
8034.5,8363.94,8247.25,960689.2747839082,12098.857142857143,1754.724285714264,201230166.99571612,0.0,1571702400,8223.25,7444.2,9260.59,8198.706400000003,8525.815175000023
33409.38,36683.51,35798.57,1519748.76615106,17298.571428571428,8857.64857142854,1727163556.6700065,0.16666666666666666,1623110400,33582.86,37391.58,40526.63,34430.307525000004,36760.11222499977
54355.45,55665.01,57374.95,1338603.796982452,24911.714285714286,8171.171428571402,2575214499.9300056,0.0,1616457600,54095.36,52303.02,57626.1,56046.21667499997,57261.81465
57757.97,51178.03,54877.94,2013017.026133626,23501.0,7718.467142857109,2394817443.950007,1.0,1619740800,53581.58,57843.16,56441.94,55292.48875000006,55633.78504999992
11535.21,11527.35,11466.89,1762526.6786116704,12200.714285714286,1884.7285714285501,447375795.9271439,0.0,1598572800,11331.02,11716.54,10260.37,11680.553549999988,11259.74142500002
37576.98,39295.08,37290.83,1681741.220937491,18094.285714285714,7445.401428571396,1900586030.6171489,-0.2,1622592000,36683.51,39229.66,33409.38,36560.7619999999,37427.33772500001
13646.02,11921.78,13041.21,2775809.908853351,12431.285714285714,3874.5014285714064,594098301.0728581,0.0,1603756800,13069.43,13285.97,14023.78,13046.884525000007,13939.933825000036
39496.69,30847.55,35369.93,2585594.4200695315,16674.571428571428,6077.9614285714015,1513658658.0585787,0.3333333333333333,1627344000,37269.52,40030.52,38189.3,39706.84187499997,38627.99254999986
36683.51,38387.36,35662.59,1834470.186167601,18459.85714285714,7712.081428571398,2059612963.5071487,1.0,1622505600,37290.83,37576.98,33582.86,35606.31187499999,35682.57407499987
9550.23,9133.23,9537.24,874016.5786726854,10445.0,2265.43857142855,250888230.70000103,1.0,1595548800,9615.21,9942.01,11352.72,9570.878674999996,10042.786925000004
9074.82,8821.5,8765.68,815751.8915223473,12128.285714285714,1959.3985714285504,252642572.79428703,0.0,1583366400,8773.78,9160.39,7945.36,8948.692249999987,8739.189050000008
9045.85,9221.61,8772.31,1137339.5025341986,15028.428571428567,2626.3899999999785,223584275.755716,0.0,1573344000,8822.19,8726.31,8498.94,9041.458574999995,8917.564824999998
10945.14,10228.85,10786.7,3022956.363145206,11775.857142857143,1345.1099999999785,306468290.16142946,-0.5,1600300800,10957.1,11083.61,10742.98,10890.888875000035,10625.455825000014
7233.84,7571.77,7539.7,1363140.915925955,9351.285714285714,2499.8685714285502,207200824.7928588,0.5,1575936000,7350.62,7212.01,6635.84,7208.289800000004,7323.82105
4048.34,3880.15,4050.4,886287.0183154013,5229.142857142857,3415.05999999998,203393097.09143093,0.25,1546992000,4040.75,3668.15,3621.24,4014.7448000000104,3735.7637999999865
9988.38,10372.29,10281.03,837611.5474505214,16727.0,2084.6385714285493,242083987.66285905,0.0,1569024000,10176.38,9694.6,8223.65,10130.504249999976,9450.810050000022
11363.97,10591.87,11343.12,2156872.9294355707,19191.14285714286,3768.4857142856936,890040022.2714306,-1.0,1562976000,11797.37,10850.26,10325.87,11374.931875000017,10533.226774999957
9702.48,9858.03,9905.43,1052881.565405037,15045.571428571433,3017.144285714264,383312862.4171442,0.25,1581897600,9925.51,10182.6,9977.39,9792.684274999994,9522.95205000001
5748.17,5237.96,5840.08,1156935.4383293223,8770.285714285714,2321.351428571409,222263778.49428803,0.0,1557100800,5794.14,5819.57,7874.11,6043.483449999987,6872.635824999963
6876.49,6663.63,7367.37,946727.0134167784,7507.2857142857165,2146.1842857142647,385044708.57285833,0.3333333333333333,1586476800,7294.55,6887.6,7114.55,6893.8639500000045,7170.540300000019
8431.78,8813.21,8667.26,748716.5813013136,10087.0,2565.5299999999797,241522188.45000145,-1.0,1579824000,8394.28,8345.88,9501.38,8535.81334999996,8583.52030000004
5045.0,7944.4,5181.77,1578976.7080490247,10621.714285714286,3643.229999999978,896072015.5285727,0.0,1584316800,5357.02,5413.06,6767.18,5938.054175000006,6590.918900000003
14157.73,13646.02,13571.24,2348133.4141936763,12880.571428571433,2498.059999999977,482156766.77714384,0.0,1604448000,14023.78,15599.92,15313.73,14103.47797500005,15412.236825000036
37290.83,38837.76,34611.58,1948599.3644529462,18940.285714285714,8380.429999999971,2188655858.7585783,-0.16666666666666666,1622419200,35662.59,36683.51,35798.57,36011.11317499992,37486.24389999996
5181.77,8903.72,4916.78,1489902.5624950991,12069.571428571433,3365.0985714285493,846185411.7557155,-0.6666666666666666,1584144000,5632.58,5357.02,5828.15,5700.641750000004,6270.512949999991
3835.86,3646.09,3880.15,917673.2975280646,5283.571428571428,2480.514285714266,217812318.14285943,0.6666666666666666,1546473600,3961.01,3874.06,3668.15,3903.3385500000018,3703.214599999988
7339.7,7260.91,7189.94,731315.9249052106,7731.857142857143,2007.261428571407,171496481.22000158,0.0,1578009600,6965.72,7357.5,8024.58,7446.540350000021,7884.52322500004
11508.31,10929.4,11427.29,2320706.237373081,11477.428571428567,2028.3314285714075,336898524.14857244,-0.3333333333333333,1602720000,11429.3,11326.25,12813.11,11467.94897499999,12272.014999999978
52154.91,44854.95,47936.51,2129111.0371851013,25539.285714285717,9503.492857142828,2683629059.810005,0.0,1613520000,49184.63,51591.61,48898.7,53639.13722499996,54343.021775000154
9421.54,9258.98,9311.99,1259645.674891293,13493.571428571433,2757.5857142856926,265040083.165716,-1.0,1572825600,9221.61,9323.61,9045.85,9339.247300000003,9360.246950000008
9696.15,12296.16,10850.26,2103561.2820519195,18659.14285714286,4488.389999999979,912354059.5142877,0.0,1563321600,9423.44,10532.94,9882.43,10044.984849999992,9729.775125
57643.32,55893.31,55665.01,1349442.3998431289,26424.142857142866,8931.378571428544,3290671201.9742913,-0.25,1616025600,58909.0,58060.21,52303.02,55995.64830000001,52467.31774999987
33880.79,35056.39,33702.79,1483848.5251112985,16373.571428571433,5425.372857142829,921098840.3257216,0.0,1625616000,34237.66,32874.01,32737.47,33832.546050000055,32608.116050000033
11301.57,10552.04,10929.4,2121883.2619364136,11642.285714285714,1669.8614285714073,283643857.54857236,0.0,1602288000,11058.78,11375.51,11326.25,11236.552249999944,11106.068949999964
39158.53,35369.93,41474.72,3418853.491322221,17755.714285714286,6059.955714285688,1652552434.1657221,0.3333333333333333,1627862400,39870.76,38189.3,45601.03,41985.97592499996,43886.65879999985
11790.68,11771.27,11389.01,925468.3303521771,13195.714285714286,2326.8571428571217,494986894.31857246,-0.25,1597276800,11570.19,11774.52,11760.37,11550.841474999983,11423.860700000008
21352.13,18549.92,19274.69,1915961.2162566928,15002.428571428567,5704.148571428547,828129269.6271439,0.5,1608076800,19441.96,22822.17,23823.32,20256.05357500006,20173.263025000022
11466.89,11760.37,11756.4,1642933.1403555097,12167.142857142857,2119.6742857142644,509886710.1757153,0.0,1598400000,11330.56,11331.02,10467.33,11604.070649999978,11554.728724999999
31652.62,40526.63,35515.38,1463294.9838347503,16693.285714285714,5687.1214285714,2121633599.8714347,0.0,1624233600,35602.26,32537.58,34713.81,33759.49864999992,33622.87942499985
